OBJECTID,305B ID,Acres,NHD Basin,Cycle,Name,Location,Aquatic Life,Recreation,FIish Consumption,Drinking Water Supply,Shape__Area,Shape__Length
1,CT7103-00-2-L5_01,2.74,01100006,2012,Pembroke Lakes (Bridgeport),"Just upstream of Yellow Mill Channel, US side of RailRoad crossing, and DS of Stillman Pond and Route 1 crossing, Bridgeport. (Includes Arms Pond, Remington Arms Company Pond, and Barnum Avenue Pond)",Not Supporting,Not Assessed,Fully Supporting,Water Not Classified For Drinking Supply,119447.385192871,3245.84224236113
2,CT8104-00-2-L5_01,85.9,02030101,2012,Mamanasco Lake (Ridgefield),Northwest Ridgefield.,Not Supporting,Not Supporting,Fully Supporting,Not Assessed,3741697.38323975,11258.4021938887
3,CT7409-00-1-L3_01,95.56,01100006,2012,Putnam Lake Reservoir (Greenwich),"Impoundment of Horseneck Brook, just south of Rt. 15, Greenwich.",Not Supporting,Not Assessed,Fully Supporting,Fully Supporting,4162510.79046631,14645.9219289646
4,CT7105-10-1-L2_01,66.58,01100006,2012,Forest Lake (Bridgeport),"Headwaters of Island Brook, a tributary to the Pequonnock River, Bpt.",Fully Supporting,Fully Supporting,Fully Supporting,Water Not Classified For Drinking Supply,2900470.57159424,13890.2632895548
5,CT7103-00-2-L3_01,15.79,01100006,2012,Success Lake (Bridgeport),"US of Stillman Pond, Pembroke Lakes & Yellowmill Channel, Bridgeport.",Not Supporting,Not Assessed,Fully Supporting,Water Not Classified For Drinking Supply,687951.067810059,4462.58250700232
6,CT7103-00-2-L4_01,4.97,01100006,2012,Stillman Pond (Bridgeport),"Upstream of Yellow Mill Channel, Bridgeport. Downstream of Success Lake.",Fully Supporting,Not Assessed,Not Supporting,Water Not Classified For Drinking Supply,216249.04095459,3312.56720848001
7,CT5200-00-4-L2_01,70.53,01100004,2012,Hanover Pond (Meriden),"Southwest corner of Meriden, impoundment along Quinnipiac River below Gorge.",Not Supporting,Not Supporting,Not Supporting,Water Not Classified For Drinking Supply,3072259.65930176,11639.4607225449
8,CT5207-00-1-L1_01,66.07,01100004,2012,North Farms Reservoir (Wallingford),"0.5 miles west of Rt. 91, north side of Rt. 68, Wallingford.  Headwaters of Wharton Brook.",Fully Supporting,Fully Supporting,Fully Supporting,Water Not Classified For Drinking Supply,2878025.34356689,9620.4620908766
9,CT5207-02-1-L1_01,4.79,01100004,2012,Allen Brook Pond (North Haven/Wallingford),"Wharton Brook State Park. Impoundment off Allen Brook, near mouth and confluence with Wharton Brook; Wallingford/North Haven boundary.",Not Assessed,Not Supporting,Fully Supporting,Water Not Classified For Drinking Supply,208496.927490234,2759.56665168017
10,CT5110-04-1-L1_01,96.1,01100004,2012,Quonnipaug Lake (Guilford),"Guilford just east of Rt 77, 2 miles north of Rt 80.",Fully Supporting,Fully Supporting,Fully Supporting,Water Not Classified For Drinking Supply,4186133.74987793,18247.4262678601
11,CT5105-00-2-L1_01,3.94,01100004,2012,Schreeder Pond (Killingworth),"Chatfield Hollow State Park.  Impoundment of Chatfield Hollow Brook, US of Rte 80 crossing, Killingworth.",Fully Supporting,Fully Supporting,Fully Supporting,Water Not Classified For Drinking Supply,171589.364013672,2715.78116161976
12,CT5302-00-4-L3_01,140.42,01100004,2012,"Whitney, Lake (Hamden)","Impoundment of Mill River, Hamden. Northern most portion near south side of Route 15, exit 60 (intersection with Route 10).",Fully Supporting,Not Assessed,Fully Supporting,Fully Supporting,6116914.66027832,34020.8630561082
13,CT5105-00-2-L2_01,27.92,01100004,2012,Foster Pond (Killingworth),"South of Rt. 80, across from Chatfield Hollow State Park, Killingworth.",Fully Supporting,Fully Supporting,Fully Supporting,Water Not Classified For Drinking Supply,1216204.57684326,10472.1801344009
14,CT5111-09-1-L1_01,21.58,01100004,2012,Cedar Pond (North Branford),"South of Lake Gaillard, North Branford, just upstream of Linsley Pond along Pisgah Brook (trib to Branford River).",Not Supporting,Not Supporting,Fully Supporting,Water Not Classified For Drinking Supply,940092.739685059,4467.48722353844
15,CT5111-09-1-L2_01,22.92,01100004,2012,Linsley Pond (Branford/North Branford),"South of Lake Gaillard, North Branford, just downstream of Cedar Pond along Pisgah Brook (trib to Branford River). Linsley Pond straddles Branford-North Branford town line.",Not Supporting,Not Supporting,Fully Supporting,Water Not Classified For Drinking Supply,998367.83996582,4155.48366401178
16,CT5305-00-3-L1_01,2.72,01100004,2012,Edgewood Park Pond (New Haven),"Along eastern bank of West River, just US of Chapel St, New Haven.",Fully Supporting,Not Supporting,Fully Supporting,Water Not Classified For Drinking Supply,118638.844787598,1654.87117050693
17,CT3700-00-2+L1_01,189.28,01100001,2012,West Thompson Lake (Thompson),Impoundment of Quinebaug River in Thompson.,Not Supporting,Not Supporting,Fully Supporting,Water Not Classified For Drinking Supply,8245167.04309082,24334.3122219758
18,CT3600-00-3-L6_01,104.29,01100001,2012,Glasgo Pond (Griswold/Voluntown),"Impoundment of Pachaug River, near Griswold/Voluntown border, begining on west side of Sheldon Road Crossing, and DS to east side of Route 201 crossing (Includes portion south of Route 165 crossing). Doaneville Pond portion NOT included.",Fully Supporting,Fully Supporting,Fully Supporting,Water Not Classified For Drinking Supply,4543021.89770508,22397.4939411971
19,CT2104-00-1-L2_01,111.31,01100003,2012,Long Pond (Ledyard/North Stonington),"Ledyard, North Stonington border.",Fully Supporting,Fully Supporting,Fully Supporting,Water Not Classified For Drinking Supply,4848731.41876221,24895.6327728786
20,CT3206-00-1-L1_01,47.22,01100002,2012,Morey Pond (Union/Ashford),Straddles Ashford - Union line and is split by Rte 84.,Fully Supporting,Fully Supporting,Fully Supporting,Not Assessed,2056898.25817871,12386.9198670272
21,CT3600-00-3-L7_01,836.92,01100001,2012,Pachaug Pond (Griswold),"Impoundment of Pachaug River, eastern Griswold.",Fully Supporting,Fully Supporting,Fully Supporting,Water Not Classified For Drinking Supply,36456081.6141968,77824.1758829659
22,CT3400-00-2-L11_01,391.3,01100001,2012,Quaddick Reservoir (Thompson),Southeast corner of Thompson; impoundment of the Fivemile River.,Fully Supporting,Fully Supporting,Fully Supporting,Water Not Classified For Drinking Supply,17045110.4074707,65539.5657709776
23,CT3203-00-1-L1_01,297.92,01100002,2012,Mashapaug Lake (Union),Northeastern Union near MA border.,Fully Supporting,Fully Supporting,Fully Supporting,Not Assessed,12977340.2945557,38090.2159110214
24,CT3400-00-1-L1_01,65.82,01100001,2012,Little (Schoolhouse) Pond (Thompson),"Norhteast corner of Thompson, near MA border.  Headwaters of Fivemile River.",Fully Supporting,Fully Supporting,Fully Supporting,Water Not Classified For Drinking Supply,2866999.86291504,7524.77206212984
25,CT3300-00-3+L3_01,58.66,01100001,2012,North Grosvenordale Pond Impoundment (Thompson),"Impoundment of French River in north central Thompson, near MA border.",Fully Supporting,Fully Supporting,Fully Supporting,Water Not Classified For Drinking Supply,2555402.07568359,18760.6963392229
26,CT3700-28-1-L1_01,71.06,01100001,2012,Wauregan (Quinebaug) Pond (Killingly),Southwestern corner of Killingly.,Fully Supporting,Fully Supporting,Fully Supporting,Water Not Classified For Drinking Supply,3095502.21020508,9990.13750926723
27,CT4315-10-1-L1_01,8.13,01080207,2012,Pine Lake (Malones Pond) (Bristol),"East Bristol, south of Pine Street",Fully Supporting,Fully Supporting,Fully Supporting,Not Assessed,354019.180664063,5593.24259782446
28,CT4300-00-1+L1_01,852.34,01080207,2012,Colebrook River (Reservoir) Lake (Colebrook),"Northeast corner of Colbrook, extends slightly into MA and Hartland.",Fully Supporting,Fully Supporting,Fully Supporting,Not Assessed,37128146.1702271,63814.4863274892
29,CT5206-01-1-L2_01,69.89,01100004,2012,Black Pond (Meriden/Middlefield),"On Meriden/Middlefield town border, south side of Meriden Road (Route 66).",Fully Supporting,Fully Supporting,Fully Supporting,Water Not Classified For Drinking Supply,3044564.32696533,18777.7119415251
30,CT6000-00-5+L2_01,580.57,01100005,2012,"Zoar, Lake (Monroe/Newtown/Oxford/Southbury)","From Stevenson Dam, Oxford/Monroe, US to a line drawn between DEP Lake Zoar wildlife area boat launch on northeast shore in Southbury, across to just DS of confluence with Gelding Brook on southwest shore in Newtown (Riverside).",Fully Supporting,Not Supporting,Not Supporting,Water Not Classified For Drinking Supply,25289589.4596558,72327.8061340757
31,CT3705-00-1-L1_01,37.56,01100001,2012,Griggs Pond (Woodstock),Northwest corner of Woodstock.,Fully Supporting,Fully Supporting,Fully Supporting,Water Not Classified For Drinking Supply,1635983.49139404,7640.62529216423
32,CT3203-00-1-L2_01,25.8,01100002,2012,Bigelow Pond (Union),DS of Mashapaug Lake in northern Union.,Fully Supporting,Fully Supporting,Fully Supporting,Not Assessed,1123731.54296875,8980.97603002542
33,CT3201-01-1-L1_01,71.88,01100002,2012,Black Pond (Woodstock),"Eastern Woodstock, south of Rte 197.",Fully Supporting,Fully Supporting,Fully Supporting,Not Assessed,3130968.1663208,8213.55301829718
34,CT3708-00-1-L1_01,96.38,01100001,2012,Roseland Lake (Woodstock),Southeast section of Woodstock.,Fully Supporting,Not Supporting,Fully Supporting,Not Assessed,4198419.69787598,10217.3549885235
35,CT3101-03-1-L1_01,187.38,01100002,2012,Crystal Lake (Ellington/Stafford),"Northeast section of Ellington, small part in southwestern section of Stafford.",Fully Supporting,Fully Supporting,Fully Supporting,Water Not Classified For Drinking Supply,8162240.69091797,15824.0721676234
36,CT3700-23-1-L1_01,189.55,01100001,2012,Alexander Lake (Killingly),Dayville section of Killingly.,Fully Supporting,Fully Supporting,Fully Supporting,Water Not Classified For Drinking Supply,8256818.3036499,20428.834188224
37,CT3200-01-1-L1_01,83.16,01100002,2012,Halls Pond (Eastford/Ashford),SW corner of Eastford.,Fully Supporting,Fully Supporting,Fully Supporting,Not Assessed,3622364.23071289,15866.343635813
38,CT3108-02-1-L2_01,117.2,01100002,2012,"Bolton Lake, Middle (Vernon)",Southeast section of Vernon.,Fully Supporting,Fully Supporting,Fully Supporting,Water Not Classified For Drinking Supply,5105195.54064941,14402.0904399336
39,CT3108-02-1-L3_01,176.46,01100002,2012,"Bolton Lake, Lower (Bolton/Vernon)","Mostly in NE corner of Bolton, continues into SE corner of Vernon.",Fully Supporting,Fully Supporting,Fully Supporting,Water Not Classified For Drinking Supply,7686569.55908203,14188.1128172936
40,CT3100-00-3-L1_01,79.49,01100002,2012,Eagleville Pond (Coventry/Mansfield),"Impoundment of Willimantic River, just south of Mansfield Depot, along Mansfield/ Coventry border.",Fully Supporting,Fully Supporting,Fully Supporting,Water Not Classified For Drinking Supply,3462805.21105957,17987.1309554204
41,CT3105-00-1-L1_01,374.45,01100002,2012,Waumgumbaug Lake (Coventry),East - Central Coventry,Fully Supporting,Fully Supporting,Fully Supporting,Water Not Classified For Drinking Supply,16310861.2068481,28780.0565176016
42,CT3502-07-1-L1_01,89.27,01100001,2012,Moosup Pond (Plainfield),Northeast section of Plainfield.,Fully Supporting,Fully Supporting,Fully Supporting,Water Not Classified For Drinking Supply,3888701.76495361,8348.27434821319
43,CT3108-13-1-L1_01,277.28,01100002,2012,Columbia Lake (Columbia),NW Columbia,Fully Supporting,Fully Supporting,Fully Supporting,Water Not Classified For Drinking Supply,12078446.763855,21109.9078424568
44,CT3109-01-1-L1_01,101.98,01100002,2012,Mono Pond (Columbia),"Southern Columbia, south of Rte 66.",Fully Supporting,Fully Supporting,Fully Supporting,Water Not Classified For Drinking Supply,4442177.62017822,19222.0255066852
45,CT3700-00-5+L4_01,308.86,01100001,2012,Aspinook Pond (Canterbury/Griswold/Lisbon),"Impoundment of Quinebaug River, parts in Canterbury, Griswold, & Lisbon (DS of Segment 02 in Quinebaug River)",Fully Supporting,Not Supporting,Fully Supporting,Water Not Classified For Drinking Supply,13453792.1264038,64711.4490705193
46,CT1100-00-1-L1_01,10.4,01090005,2012,Porter Pond (Sterling),"Headwaters of Wood River near Rhode Island border, Sterling.",Fully Supporting,Not Assessed,Fully Supporting,Water Not Classified For Drinking Supply,453216.352355957,4361.25502830458
47,CT3805-00-3-L7_01,57.2,01100002,2012,Versailles Pond (Sprague),"Impoundment of Little River, southeast corner of Sprague.",Not Supporting,Not Assessed,Not Supporting,Water Not Classified For Drinking Supply,2491844.77581787,14935.9782479158
48,CT3600-00-3-L8_01,106.6,01100001,2012,Hopeville Pond (Griswold),"Impoundment of Pachaug River, Griswold; ds of Pachaug Pond.",Fully Supporting,Fully Supporting,Fully Supporting,Water Not Classified For Drinking Supply,4643768.13903809,29443.5258515004
49,CT3600-00-3-L3_01,37.32,01100001,2012,Beachdale Pond (Voluntown),"Impoundment of Pachaug River, Voluntown; US of Glasgo and DS of Beach Ponds.",Fully Supporting,Fully Supporting,Fully Supporting,Water Not Classified For Drinking Supply,1625623.78741455,12065.1074097651
50,CT3900-00-4-L1_01,58.54,01100003,2012,Fitchville Pond (Bozrah),"Split by Rte 2 in Bozrah, impoundment of Yantic River.",Fully Supporting,Fully Supporting,Fully Supporting,Water Not Classified For Drinking Supply,2549905.95861816,13949.1101671402
51,CT3900-01-1-L1_01,132.92,01100003,2012,Red Cedar Lake (Lebanon),South corner of Lebanon.,Fully Supporting,Fully Supporting,Fully Supporting,Water Not Classified For Drinking Supply,5789932.67681885,19134.1142544087
52,CT1002-00-1-L1_01,46.15,01090005,2012,Green Falls Reservoir (Voluntown),"SE Voluntown, east of Rte 49, south of Rte 138, in Pachaug State Forest",Fully Supporting,Fully Supporting,Fully Supporting,Water Not Classified For Drinking Supply,2010121.45599365,10451.5622689765
53,CT3906-00-1-L1_01,527.29,01100003,2012,Gardner Lake (Salem/Montville/Bozrah),"At junction of Salem, Montville and Bozrah.",Fully Supporting,Fully Supporting,Fully Supporting,Water Not Classified For Drinking Supply,22968962.6672974,30886.4049147982
54,CT3002-02-1-L2_01,112.42,01100003,2012,Amos Lake (Preston),"East of Rte 164, Preston.",Fully Supporting,Not Supporting,Fully Supporting,Not Assessed,4897161.93151855,13730.4604963511
55,CT3605-00-1-L1_01,94.88,01100001,2012,Billings Lake (North Stonington),North central North Stonington.,Fully Supporting,Fully Supporting,Fully Supporting,Water Not Classified For Drinking Supply,4132840.53131104,17083.5185932358
56,CT3605-01-1-L1_01,49.18,01100001,2012,Anderson Pond (North Stonington),North central North Stonington,Fully Supporting,Fully Supporting,Fully Supporting,Water Not Classified For Drinking Supply,2142210.925354,10054.1435736192
57,CT3002-04-1-L1_01,45.62,01100003,2012,Avery Pond (Preston),"East of Rte 164, north of Rte 2, Preston.",Fully Supporting,Fully Supporting,Fully Supporting,Not Assessed,1987174.78601074,5721.7715924439
58,CT1001-00-1-L1_01,98.94,01090005,2012,Wyassup Lake (North Stonington),"North central North Stonington, east of Rte 49.  Headwaters of Wyassup Brook.",Fully Supporting,Not Supporting,Not Supporting,Water Not Classified For Drinking Supply,4309780.11901855,13629.4506635298
59,CT3600-00-1-L1_01,407.6,01100001,2012,Beach Pond (Voluntown/Rhode Island),Eastern border of Voluntown with RI.,Fully Supporting,Fully Supporting,Fully Supporting,Water Not Classified For Drinking Supply,17755106.5457764,36181.8914184591
60,CT3002-06-1-L1_01,91.25,01100003,2012,Lake Of Isles (North Stonington),"Near western border of North Stonington, north of Rte 2.",Fully Supporting,Fully Supporting,Fully Supporting,Not Assessed,3974740.96600342,18330.7087110073
61,CT6000-00-5+L2_02,339.25,01100005,2012,"Zoar, Lake (Newtown/Southbury)","From a line drawn between DEP Lake Zoar wildlife area boat launch on northeast shore in Southbury, across to just DS of confluence with Gelding Brook on southwest shore in Newtown (Riverside), US approximately 5 miles to Shepaug dam (L. Lillinonah).",Fully Supporting,Fully Supporting,Not Supporting,Water Not Classified For Drinking Supply,14777856.5875244,60747.8782723668
62,CT2104-00-1-L1_01,20.06,01100003,2012,Lantern Hill Pond  (Ledyard/North Stonington),Border of Ledyard and North Stonington; now part of Mashentucket Reservation.,Fully Supporting,Fully Supporting,Fully Supporting,Water Not Classified For Drinking Supply,873636.091186523,4067.42272383739
63,CT2205-00-1-L1_01,146.5,01100003,2012,Powers Lake (East Lyme),"East Lyme, Headwaters of Pataganset River.",Fully Supporting,Fully Supporting,Fully Supporting,Water Not Classified For Drinking Supply,6381745.54193115,17778.8646610088
64,CT2205-00-1-L2_01,125.7,01100003,2012,Pataganset Lake (East Lyme),"East Lyme,  Pataganset River system.",Fully Supporting,Fully Supporting,Fully Supporting,Water Not Classified For Drinking Supply,5475656.07189941,19706.4978268634
65,CT2205-00-1-L3_01,52.41,01100003,2012,Gorton Pond (East Lyme),East Lyme. Impoundment of Pataganset River.,Fully Supporting,Fully Supporting,Fully Supporting,Water Not Classified For Drinking Supply,2282996.33807373,14586.1936899977
66,CT2205-02-1-L1_01,29.59,01100003,2012,Dodge Pond (East Lyme),"East Lyme; near Niantic village center, east of Rte 161, north of Rte 156.",Fully Supporting,Fully Supporting,Not Supporting,Water Not Classified For Drinking Supply,1288826.92077637,5134.89383571494
67,CT6002-00-1-L1_01,565.31,01100005,2012,"Washining Lake (Twin Lakes, Eastern) (Salisbury)",Northestern Salisbury,Fully Supporting,Fully Supporting,Fully Supporting,Water Not Classified For Drinking Supply,24624742.1429443,27835.1513328321
68,CT6100-04-1-L1_01,147.62,01100005,2012,Wood Creek Pond (Norfolk),"North-central Norfolk, near MA border; headwaters of Wood Creek.",Fully Supporting,Fully Supporting,Fully Supporting,Water Not Classified For Drinking Supply,6430413.23406982,17293.9645244064
69,CT6005-00-1-L1_01,348.14,01100005,2012,Wononscopomuc (Lakeville) Lake (Salisbury),South central Salisbury.,Fully Supporting,Fully Supporting,Fully Supporting,Water Not Classified For Drinking Supply,15165031.4593506,15376.5147310112
70,CT6301-00-1-L1_01,167.5,01100005,2012,"Wononpakook, Lake (Salisbury)","Located west of Route 41, Southwestern Salisbury (also known as Long Pond).",Fully Supporting,Not Assessed,Fully Supporting,Water Not Classified For Drinking Supply,7296355.4541626,14481.3305624531
71,CT6905-00-1-L3_01,248.07,01100005,2012,"Winchester, Lake (Winchester)",HUC: 01100005,Fully Supporting,Fully Supporting,Fully Supporting,Water Not Classified For Drinking Supply,10805906.5325317,28598.1475975111
72,CT6301-00-2-L2_01,211.17,01100005,2012,Mudge Pond (Sharon),Northwest Sharon.,Fully Supporting,Fully Supporting,Fully Supporting,Water Not Classified For Drinking Supply,9198649.6496582,15099.2556114311
73,CT6905-00-1-L4_01,74.95,01100005,2012,Park Pond (Winchester),Southwest corner of Winchester; drains to East Branch of Naugatuck River,Fully Supporting,Fully Supporting,Fully Supporting,Water Not Classified For Drinking Supply,3264879.01086426,11072.9595260598
74,CT7301-04-1-L2_01,82.47,01100006,2012,Popes Pond (Wilton),Wilton,Fully Supporting,Not Assessed,Fully Supporting,Not Assessed,3592354.91494751,15396.0742923012
75,CT7200-00-3-L5_01,823.11,01100006,2012,Saugatuck Reservoir (Weston/Easton/Redding),Weston,Fully Supporting,Not Assessed,Fully Supporting,Not Assessed,35854367.9295349,79195.9020644604
76,CT7407-00-3-L14_01,161.43,01100006,2012,Bargh (Mianus) Reservoir (Stamford),Impoundment of the Mianus River in the NW corner of Stamford.,Fully Supporting,Not Assessed,Fully Supporting,Not Assessed,7031969.42352295,24958.4034650493
77,CT6914-09-1-L2_01,65.19,01100005,2012,Chestnut Hill Reservoir (Wolcott),"Near western border of Wolcott, north side of Lyman Road, west of Route 69.",Fully Supporting,Not Assessed,Fully Supporting,Water Not Classified For Drinking Supply,2839713.45782471,8232.18249396243
78,CT3600-00-3-L5_01,68.36,01100001,2012,Doaneville Pond (Griswold/Voluntown),"Eastern border of Griswold just overlapping Voluntown border, north of Rte 165 and east of Sheldon Rd.  Pond formerly considered part of Glasgo Pond; separated from Glasgo Pond by Sheldon Rd.",Fully Supporting,Fully Supporting,Fully Supporting,Water Not Classified For Drinking Supply,2977778.72424316,11527.119946627
79,CT4304-05-2-L2_01,49.2,01080207,2012,"Triangle, Lake (Colebrook)","Northwest corner of Colebrook (North Colebrook area); lake is east of Rte 183, access by Prock Hill Road on YMCA Camp Jewelll property.",Fully Supporting,Not Assessed,Fully Supporting,Water Not Classified For Drinking Supply,2142627.76037598,11433.1535748055
80,CT2107-00-1-L1_01,146.22,01100003,2012,Morgan Pond (Ledyard),"South side of Sandy Hollow Road, West of Route 117 intersection, ledyard.",Fully Supporting,Not Assessed,Fully Supporting,Not Assessed,6369266.99847412,20844.8594447793
81,CT6008-00-1-L1_01,67.31,01100005,2012,Cream Hill Lake (Cornwall),Northeastern Cornwall.,Fully Supporting,Fully Supporting,Fully Supporting,Water Not Classified For Drinking Supply,2931950.27832031,7408.7217727335
82,CT6701-01-1-L1_01,40.37,01100005,2012,West Side Pond (Goshen),West central Goshen; drains to West Side Pond Brook to Tyler Lake,Fully Supporting,Fully Supporting,Fully Supporting,Not Assessed,1758416.97027588,5484.33917799399
83,CT6904-00-3-L1_01,93.52,01100005,2012,Stillwater Pond (Torrington),"Impoundment of West Branch of the Naugatuck River, Torrington; east of Rte 272.",Fully Supporting,Fully Supporting,Fully Supporting,Water Not Classified For Drinking Supply,4073698.59912109,17087.9883429376
84,CT6701-00-1-L1_01,187.22,01100005,2012,Tyler Lake (Goshen),West central Goshen; headwaters of Marshepaug River.,Fully Supporting,Fully Supporting,Fully Supporting,Not Assessed,8155507.10241699,18755.5130840196
85,CT6703-00-2-L1_01,65.77,01100005,2012,Dog Pond (Goshen),South central Goshen; along West Branch of Bantam River,Fully Supporting,Fully Supporting,Fully Supporting,Not Assessed,2864776.68743896,7494.95399455674
86,CT6700-03-1-L2_01,16.34,01100005,2012,Mohawk Pond (Goshen/Cornwall),Goshen - Cornwall boundary within Mohawk State Forest.,Fully Supporting,Fully Supporting,Fully Supporting,Not Assessed,711650.978393555,3355.22721180879
87,CT6500-00-1-L1_01,82.26,01100005,2012,South Spectacle Pond (Kent),East central Kent at headwaters of the West Aspetuck River.,Fully Supporting,Fully Supporting,Fully Supporting,Not Assessed,3583242.82885742,8764.79567799378
88,CT6705-00-3-L3_01,955.45,01100005,2012,Bantam Lake (Litchfield/Morris),"Litchfield, Morris",Fully Supporting,Fully Supporting,Fully Supporting,Not Assessed,41619104.592041,49683.9265269753
89,CT6502-00-1-L2_01,640.81,01100005,2012,"Waramaug, Lake (Kent/Warren/Washington)","Southwest corner of Warren, Northwest corner of Washington; headwaters of East Aspetuck River.",Fully Supporting,Fully Supporting,Fully Supporting,Water Not Classified For Drinking Supply,27913623.9884644,48901.5422399961
90,CT6016-00-1-L2_01,20.14,01100005,2012,Leonard Pond (Kent),"Central Kent, headwaters of Womenshenuck Brook.",Fully Supporting,Not Assessed,Fully Supporting,Water Not Classified For Drinking Supply,877487.876464844,4538.23578407227
91,CT6705-14-1-L1_01,55.14,01100005,2012,Mount Tom Pond (Litchfield/Morris/Wahington),"Northwest corner of Morris, southwest corner of Litchfield, within Mount Tom State Park.",Fully Supporting,Fully Supporting,Fully Supporting,Not Assessed,2401886.59057617,7952.21303985042
92,CT6016-00-1-L3_01,65.66,01100005,2012,Hatch Pond (Kent),"South central Kent,  DS of Leonard Pond along Womenshenuck Brook.",Not Supporting,Not Supporting,Fully Supporting,Water Not Classified For Drinking Supply,2860026.72747803,9102.20490686439
93,CT6909-00-2-L1_01,5.3,01100005,2012,Northfield (Reservoir) Brook Lake (Thomaston),"Impoundment of Northfield Brook, northeast corner of Thomaston.",Fully Supporting,Not Supporting,Fully Supporting,Water Not Classified For Drinking Supply,230909.922790527,2783.445119483
94,CT6804-02-1-L1_01,101.41,01100005,2012,Long Meadow Pond (Bethlehem/Morris),"North central Bethlehem, borders Morris.",Fully Supporting,Fully Supporting,Fully Supporting,Water Not Classified For Drinking Supply,4417389.51495361,18026.9939863131
95,CT6912-05-1-L2_01,112.87,01100005,2012,"Winnemaug, Lake (Watertown)",Southwest Watertown.,Fully Supporting,Fully Supporting,Fully Supporting,Water Not Classified For Drinking Supply,4916775.61260986,17503.1563121598
96,CT6400-00-1-L5_01,5085.67,01100005,2012,"Candlewood, Lake (New Fairfield/Danbury/Sherman/New Milford)","Parts of Brookfield, Danbury, New Milford, New Farfield, & Sherman.",Fully Supporting,Fully Supporting,Fully Supporting,Water Not Classified For Drinking Supply,221531973.90918,345092.827981173
97,CT6023-00-1-L1_01,296.89,01100005,2012,"Quassapaug, Lake (Middlebury/Woodbury)",Northwestern Middlebury; headwaters of Eightmile Brook.,Fully Supporting,Fully Supporting,Fully Supporting,Water Not Classified For Drinking Supply,12932563.1604614,32964.6934017956
98,CT6400-03-1-L1_01,266.81,01100005,2012,Squantz Pond (New Fairfield/Sherman),"Northeast corner of New Fairfield and into Sherman; a large cove of Candlewood Lake, contained by Squantz Pond Dam at Route 39 crossing.",Fully Supporting,Fully Supporting,Fully Supporting,Water Not Classified For Drinking Supply,11622050.0137329,28210.8322219874
99,CT6916-00-3-L4_01,25.77,01100005,2012,Hop Brook Lake (Waterbury/Middlebury),"Impoundment of Hop Brook, Waterbury/Naugatuck/Middlebury.",Not Assessed,Not Supporting,Fully Supporting,Water Not Classified For Drinking Supply,1122637.76074219,9200.12640639479
100,CT6402-00-1-L1_01,80.7,01100005,2012,Ball Pond (New Fairfield),New Fairfield,Fully Supporting,Not Supporting,Fully Supporting,Not Assessed,3515310.78204346,9286.3574751367
101,CT6018-00-1-L1_01,124.61,01100005,2012,Taunton Pond (Newtown),Central Newtown.,Fully Supporting,Not Assessed,Fully Supporting,Water Not Classified For Drinking Supply,5427869.75238037,12136.8005858455
102,CT6600-01-1-L3_01,56.75,01100005,2012,"Kenosia, Lake (Danbury)","Impoundment of Still River, Danbury.",Fully Supporting,Not Supporting,Fully Supporting,Fully Supporting,2472100.46374512,8916.19982310384
103,CT6000-00-5+L4_01,346.29,01100005,2012,Housatonic Lake (Shelton/Derby/Seymour/Oxford/Monroe),"From Lake Housatonic Dam (Derby Dam), US to Stevenson Dam (division of lower Lake Zoar and upper Lake Housatonic) Oxford/Monroe. First major impoundment of Housatonic River.",Fully Supporting,Fully Supporting,Not Supporting,Water Not Classified For Drinking Supply,15084482.8284302,69430.8367148112
104,CT6000-88-1-L1_01,4.02,01100005,2012,Brewsters Pond (Stratford),"Stratford, east of Main Street (Rte 113).",Not Supporting,Fully Supporting,Not Supporting,Water Not Classified For Drinking Supply,175247.794189453,1855.56413565994
105,CT6914-06-1-L1_01,100.3,01100005,2012,Hitchcock Lake (Wolcott),"Southeast corner of Wolcott, near Cheshire border.",Fully Supporting,Not Supporting,Fully Supporting,Water Not Classified For Drinking Supply,4369071.7041626,19245.3777138373
106,CT4704-00-1-L3_01,122.76,01080205,2012,Babcock Pond (Colchester),"South of Rt 16, southeastern Colchester.  Within Babcock Pond Wildlife Management Area.",Fully Supporting,Fully Supporting,Fully Supporting,Water Not Classified For Drinking Supply,5347464.87969971,24396.2679772346
107,CT4300-00-5+L5_01,214.44,01080207,2012,Rainbow Reservoir (Windsor/Bloomfield/East Granby),Northwest corner of Windsor.  Impoundment of the Farmington River.,Not Supporting,Not Assessed,Fully Supporting,Water Not Classified For Drinking Supply,9341263.7723999,60317.9244968144
108,CT4020-06-1-L1_01,275.37,01080205,2012,Rogers Lake (Lyme/Old Lyme),Lyme - Old Lyme border.,Fully Supporting,Fully Supporting,Fully Supporting,Water Not Classified For Drinking Supply,11994935.586731,31984.5558285207
109,CT4300-05-1-L2_01,14.32,01080207,2012,Howells Pond (Hartland),"Northwest corner of Hartland, Dish Mill Road.",Fully Supporting,Fully Supporting,Fully Supporting,Water Not Classified For Drinking Supply,623913.792663574,3575.16350732185
110,CT4308-00-1-L2_01,385.75,01080207,2012,Compensating Res. (L. McDonough) (Barkhamsted/New Hartford),Southeast Barkhamsted - northeast New Hartford.,Fully Supporting,Fully Supporting,Not Supporting,Fully Supporting,16803189.2424316,52352.7224736564
111,CT4500-00-1-L1_01,511.85,01080205,2012,Shenipsit Lake (Tolland/Ellington/Vernon),"At meeting point of Ellington, Vernon and Tolland. CT Water Company watershed.",Fully Supporting,Not Assessed,Fully Supporting,Fully Supporting,22295951.9761963,38880.7337829988
112,CT4305-00-1-L1_01,245.54,01080207,2012,West Hill Pond (New Hartford/Barkhamsted),Northwest corner of New Hartford.,Fully Supporting,Fully Supporting,Fully Supporting,Water Not Classified For Drinking Supply,10695983.3036499,17327.4032896646
113,CT4303-02-1-L1_01,83.39,01080207,2012,Burr Pond (Torrington),"South of Burr Mountain Rd, Northeast corner of Torrington.",Fully Supporting,Fully Supporting,Fully Supporting,Water Not Classified For Drinking Supply,3632584.06866455,16500.1561228506
114,CT4321-00-1-L2_01,9.4,01080207,2012,Barber Pond (Bloomfield/Windsor),"NE corner of Bloomfield, near Windsor border, N of Newberry Road.",Not Assessed,Not Assessed,Fully Supporting,Water Not Classified For Drinking Supply,409580.228881836,4301.4478232549
115,CT4500-00-3-L3_01,49.9,01080205,2012,Union Pond (Manchester),Impoundment of Hockanum River in Manchester at Union Street.,Not Supporting,Fully Supporting,Not Supporting,Water Not Classified For Drinking Supply,2173456.36401367,8614.07142330482
116,CT4500-14-1-L1_01,5.87,01080205,2012,Center Spring Park Pond (Manchester),"Center of Manchester, impoundment of Bigalow Brook.",Fully Supporting,Fully Supporting,Fully Supporting,Water Not Classified For Drinking Supply,255698.926696777,2192.4025363077
117,CT4707-00-2-L2_01,5.14,01080205,2012,Gay City Pond (Hebron),Gay City State Park.  Impoundment of Black Ledge River. NW corner of Hebron.,Not Assessed,Not Supporting,Fully Supporting,Water Not Classified For Drinking Supply,223781.077392578,2790.65186705454
118,CT4401-00-1-L1_01,145.49,01080205,2012,Batterson Park Pond (Farmington/New Britain),Southeast Farmington - northeastern border of New Britain.,Fully Supporting,Not Supporting,Fully Supporting,Water Not Classified For Drinking Supply,6337717.80187988,11945.7822982541
119,CT4402-04-2-L1_01,2.71,01080205,2012,Mill Pond (Newington),Municipal park in Newington; S of Rt 175 near intersection of Rts 175 and 176,Fully Supporting,Not Assessed,Fully Supporting,Water Not Classified For Drinking Supply,118167.937194824,1732.90177015225
120,CT4315-05-1-L1_01,11.84,01080207,2012,Birge Pond (Bristol),"West of Rt 69 and Pond Street, Bristol",Fully Supporting,Fully Supporting,Fully Supporting,Water Not Classified For Drinking Supply,515706.809204102,4085.72462531876
121,CT4705-00-1-L1_01,68.67,01080205,2012,Holbrook Pond (Hebron),Northeast corner of Hebron; northeast of Rt 85.,Fully Supporting,Fully Supporting,Fully Supporting,Water Not Classified For Drinking Supply,2991123.20147705,8150.61640819017
122,CT6005-04-1-L1_01,155.9,01100005,2012,Riga Lake (Salisbury),"Northwestern Salisbury, small portion crossws the New York border.",Fully Supporting,Fully Supporting,Fully Supporting,Water Not Classified For Drinking Supply,6791215.84759521,18898.2629841541
123,CT5111-09-2-L3_01,9.39,01100004,2012,"Branford Supply Pond, Northwest (Branford)",Northwest Branford Supply Pond receives water from Pisgah Brook and Pine Gutter Brook (Int trib to Pisgah Brook). Discharges to Southeast Branford Supply Pond. Ponds located on north side of I95 (east of Lake Saltonstall area).,Not Supporting,Not Assessed,Fully Supporting,Water Not Classified For Drinking Supply,409075.181762695,4211.48706473134
124,CT4708-00-2-L1_01,81.29,01080205,2012,"Terramuggus, Lake (Marlborough)","Intersection of Routes 2 & 66, northwest corner of Marlborough.",Fully Supporting,Fully Supporting,Fully Supporting,Water Not Classified For Drinking Supply,3541089.32202148,9240.49765433914
125,CT4709-04-1-L1_01,502.28,01080205,2012,Pocotopaug Lake (East Hampton),"North of Rt 66, East Hampton.",Fully Supporting,Not Supporting,Fully Supporting,Water Not Classified For Drinking Supply,21879476.708252,31556.9655711367
126,CT4601-00-1-L2_01,140.58,01080205,2012,Silver Lake (Berlin/Meriden),"Southeast corner of Berlin, extending slightly into northeast Meriden.",Not Supporting,Fully Supporting,Not Supporting,Water Not Classified For Drinking Supply,6123651.40002441,19689.5237317629
127,CT4000-40-1-L1_01,71.91,01080205,2012,Great Hill Pond (Portland),"Great Hill Pond Road, Portland, 0.75 miles due north of Rt. 66, near East Hampton border.",Fully Supporting,Fully Supporting,Fully Supporting,Water Not Classified For Drinking Supply,3132387.52270508,8475.08169450746
128,CT4700-02-1-L1_01,7.35,01080205,2012,Day Pond (Colchester),"Impoundment and headwaters of Day Pond Brook. Day Pond Road, Colchester (east of Rte. 149).",Not Assessed,Fully Supporting,Fully Supporting,Water Not Classified For Drinking Supply,320186.260620117,2933.56167974682
129,CT4710-06-1-L1_01,82.11,01080205,2012,Pickerel Lake (Colchester/East Haddam),"Southeast corner of Colchester, extending slightly into E. Haddam.  Drains to Moodus Reservoir",Fully Supporting,Not Supporting,Fully Supporting,Water Not Classified For Drinking Supply,3576632.83843994,14161.952164617
130,CT4800-04-1-L1_01,172.41,01080205,2012,"Hayward, Lake (East Haddam)",Northeast corner of East Haddam.,Fully Supporting,Fully Supporting,Fully Supporting,Water Not Classified For Drinking Supply,7510115.91497803,20347.5027974418
131,CT4013-05-1-L1_01,30.96,01080205,2012,Crystal Lake (Middletown),"South of Randolph Road, Middletown.",Fully Supporting,Not Supporting,Fully Supporting,Water Not Classified For Drinking Supply,1348373.05950928,11255.5418040463
132,CT4607-10-1-L1_01,112.83,01080205,2012,Beseck Lake (Middlefield),East central Middlefield.,Not Supporting,Not Supporting,Fully Supporting,Water Not Classified For Drinking Supply,4914699.51251221,12942.445154837
133,CT4710-00-1-L2_01,440.74,01080205,2012,Moodus Reservoir (East Haddam),Northeast East Haddam.,Fully Supporting,Fully Supporting,Fully Supporting,Water Not Classified For Drinking Supply,19198771.1565552,61417.977921742
134,CT4013-08-1-L1_01,15.24,01080205,2012,Dooley Pond (Middletown),"East of Rt 17, Middletown, 1.5 miles South of Randolph Rd.",Fully Supporting,Fully Supporting,Fully Supporting,Water Not Classified For Drinking Supply,663787.196289063,4895.55373637207
135,CT4710-00-1-L1_01,265.54,01080205,2012,Bashan Lake (East Haddam),"North Central East Haddam, drains to Moodus Reservoir.",Fully Supporting,Fully Supporting,Fully Supporting,Water Not Classified For Drinking Supply,11567123.2358398,28316.8113278341
136,CT4014-03-2-L1_01,26.4,01080205,2012,Higganum Reservoir (Haddam),West of Rt 81 just south of Higganum center.,Fully Supporting,Fully Supporting,Fully Supporting,Water Not Classified For Drinking Supply,1150062.77008057,8248.6119146637
137,CT4017-03-1-L3_01,52.25,01080205,2012,Pattaconk Reservoir (Chester),"1.25 miles north of Rt 148, Cockaponset State Forest, Chester.",Fully Supporting,Fully Supporting,Fully Supporting,Water Not Classified For Drinking Supply,2276078.93615723,11858.0551027254
138,CT4017-03-1-L4_01,70.65,01080205,2012,Cedar Lake (Chester),"North of Rt. 148, Chester.",Fully Supporting,Fully Supporting,Fully Supporting,Water Not Classified For Drinking Supply,3077679.4755249,8095.64798454739
139,CT4800-10-1-L1_01,29.4,01080205,2012,Norwich Pond (Lyme),"Southeast corner of Lyme, located within Nehantic State Forest. Drains to Uncas Lake.",Fully Supporting,Fully Supporting,Fully Supporting,Water Not Classified For Drinking Supply,1280668.80609131,5068.87985715222
140,CT4800-16-1-L2_01,69.03,01080205,2012,Uncas Pond (Lyme),"Southeast Lyme, located within Nehantic State Forest.",Fully Supporting,Fully Supporting,Fully Supporting,Water Not Classified For Drinking Supply,3006810.01574707,10186.417211525
141,CT4019-00-1-L3_01,81.67,01080205,2012,Messerschmidt Pond (Westbrook/Deep River),Rt 145 Westbrook; straddles Westbrook/Deep River border.,Fully Supporting,Fully Supporting,Fully Supporting,Water Not Classified For Drinking Supply,3557669.03765869,15715.9792037028
142,CT4019-00-1-L4_01,29.74,01080205,2012,Wrights Pond (Westbrook/Deep River/Essex),"Meeting point of Westbrook, Deep River and Essex.",Fully Supporting,Fully Supporting,Fully Supporting,Water Not Classified For Drinking Supply,1295495.04003906,9276.67395084229
143,CT4302-16-1-L1_01,448.18,01080207,2012,Highland Lake (Winchester),Southeast corner of Winchester.,Fully Supporting,Fully Supporting,Fully Supporting,Water Not Classified For Drinking Supply,19522854.8388672,42660.4606131418
144,CT3805-00-3-L6_01,77.15,01100002,2012,Papermill Pond (Sprague),"Impoundment of Little River, Sprague.",Not Assessed,Not Assessed,Not Supporting,Water Not Classified For Drinking Supply,3360761.06787109,12713.7080777554
145,CT4318-03-1-L1_01,2.35,01080207,2012,Stratton Brook Park Pond (Simsbury),"Small impoundment of Stratton Brook,  Simsbury;  south of Rte 309.",Not Assessed,Fully Supporting,Fully Supporting,Water Not Classified For Drinking Supply,102348.431518555,1350.69812036027
146,CT3404-01-1-L1_01,120.48,01100001,2012,Killingly Pond (Killingly/Rhode Island),Norhteast corner of Killingly on RI border; a little over half of the lake is within CT.,Fully Supporting,Fully Supporting,Fully Supporting,Water Not Classified For Drinking Supply,5248056.37072754,14372.9769053771
147,CT4010-00-1-L1_01,27.22,01080205,2012,1860 Reservoir (Griswold Pond) (Wethersfield),"Southwestern Wethersfiled, near Rocky Hill and Newington borders, west side of Highland Street (headwater of Goff Brook).",Fully Supporting,Fully Supporting,Fully Supporting,Water Not Classified For Drinking Supply,1185695.35565186,5686.0805925175
148,CT5111-09-2-L3_02,17.05,01100004,2012,"Branford Supply Pond, Southeast (Branford)","Southeast Branford Supply Pond located on north side of I95, receives water from northwest Branford Supply Pond, and discharges to Pisgah Brook below ponds (continues into Branford River below Route 1 crossing).",Not Assessed,Not Assessed,Fully Supporting,Water Not Classified For Drinking Supply,742700.976013184,6430.24244980972
149,CT5202-00-1-L3_01,10.68,01100004,2012,Mixville Pond (Cheshire),"Mixville Road, Cheshire.  Impoundment at head of Tenmile River",Not Assessed,Not Supporting,Fully Supporting,Water Not Classified For Drinking Supply,465258.132019043,4528.27458217864
150,CT4607-00-UL_pond_01,1.37,01080205,2012,Wadsworth Falls Park Pond (Middletown),"Small pond within Wadsworth Falls State Park, between mouths of Laurel Brook and Wadsworth Brook, Middlefield.",Not Assessed,Not Supporting,Not Assessed,Water Not Classified For Drinking Supply,59807.0780639648,966.014095373398
151,CT3900-00-UL_pond_01,0.58,01100003,2012,Browning Pond (Norwich Landfill)-01,"Located southwest of Route 2/32, near exit 27 offramp, along Browning Road (rivers entering and exiting pond are intermittent), Norwich (influenced by Landfill).",Not Supporting,Not Assessed,Fully Supporting,Water Not Classified For Drinking Supply,25247.1849975586,812.441000152715
152,CT7108-00-3-L3_01,14.95,01100006,2012,"Mohegan, Lake (Fairfield)","Impoundment of Mill River, Fairfield; upstream of Samp Mortar Reservoir",Not Assessed,Fully Supporting,Fully Supporting,Water Not Classified For Drinking Supply,651122.469848633,4392.45562252625
153,CT6910-14-1-L3_01,9.48,01100005,2012,Black Rock Lake (Watertown),"Impoundment of Purgatory Brook (trib to Branch Brook), Watertown; west of Rte 6.",Not Assessed,Fully Supporting,Fully Supporting,Water Not Classified For Drinking Supply,412757.397766113,5702.41425254009
154,CT3800-00-6+L3_01,14.3,01100002,2012,Spaulding Pond (Norwich),"Mohegan Park, Norwich (Mohegan Park Rd)",Not Assessed,Not Supporting,Fully Supporting,Water Not Classified For Drinking Supply,622674.853637695,3909.72429641666
155,CT4009-00-2-L4_01,9.35,01080205,2012,Angus Park Pond (Glastonbury),"Impoundment of Roaring Brook, east of Rte 83 Glastonbury.",Not Assessed,Not Supporting,Fully Supporting,Water Not Classified For Drinking Supply,407170.603149414,3554.73329429429
156,CT3708-01-1-L1_01,38.42,01100001,2012,Muddy Pond (Woodstock),"headwaters of Muddy Brook, near MA border, Woodstock",Not Assessed,Fully Supporting,Fully Supporting,Not Assessed,1673439.31640625,7910.7739392094
157,CT3207-16-1-L1_01,6.05,01100002,2012,Bicentennial Pond (Mansfield),"Impoundment of Schoolhouse Brook, Spring Hill area of Mansfield",Not Assessed,Not Supporting,Fully Supporting,Water Not Classified For Drinking Supply,263646.824890137,2833.0142623508
158,CT6000-00-5+L1_01,1594.85,01100005,2012,"Lillinonah, Lake (Newtown/Southbury/Bridgewater/Brookfield)","Impoundment of Housatonic River, from Shepaug Dam US to top of impundment, south side of Lovers Leap Road; Southbury and Bridgewater along east bank, Newtown, Brookfield, and New Milford along west bank.",Fully Supporting,Not Supporting,Not Supporting,Water Not Classified For Drinking Supply,70562246.552124,190484.378351044
159,CT4013-00-1-L1_01,29.87,01080205,2012,Millers Pond (Durham),Durham,Fully Supporting,Fully Supporting,Fully Supporting,Water Not Classified For Drinking Supply,1301271.86291504,6859.09879927148
160,CT3805-00-3-L5_01,22.85,01100002,2012,Hanover Reservoir (Sprague/Canterbury),Sprague,Fully Supporting,Fully Supporting,Fully Supporting,Water Not Classified For Drinking Supply,995425.298339844,7636.77733862426
161,CT3206-00-1-L2_01,52.15,01100002,2012,"Chaffee, Lake (Ashford)",Ashford,Fully Supporting,Fully Supporting,Fully Supporting,Not Assessed,2271699.66931152,10048.843895603
162,CT3206-12-1-L1_01,110.95,01100002,2012,Knowlton Pond (Ashford),Ashford,Fully Supporting,Fully Supporting,Fully Supporting,Not Assessed,4832929.02844238,18983.695167707
163,CT3800-05-1-L4_01,38.55,01100002,2012,Big Pond (Lebanon/Windham),Lebanon,Fully Supporting,Not Assessed,Fully Supporting,Water Not Classified For Drinking Supply,1678994.03912354,6785.53012221459
164,CT3202-00-1-L1_01,29.69,01100002,2012,Keach Pond (Woodstock),Woodstock,Fully Supporting,Fully Supporting,Fully Supporting,Not Assessed,1293320.20239258,7086.94403541769
165,CT6302-00-1-L1_01,19.82,01100005,2012,Hatch Pond (Sharon),Sharon,Fully Supporting,Fully Supporting,Fully Supporting,Water Not Classified For Drinking Supply,863370.963500977,6511.7871588283
166,CT6802-12-1-L1_01,28.57,01100005,2012,Cat Swamp Pond (Woodbury),Woodbury,Fully Supporting,Not Assessed,Fully Supporting,Water Not Classified For Drinking Supply,1244650.97064209,5760.59840480574
167,CT6302-01-1-L2_01,22.9,01100005,2012,Ford Pond (Sharon),Sharon,Fully Supporting,Fully Supporting,Fully Supporting,Water Not Classified For Drinking Supply,997369.68170166,4926.01835515457
168,CT6911-07-1-L1_01,44.85,01100005,2012,Plymouth Lake (Plymouth),Plymouth,Fully Supporting,Not Assessed,Fully Supporting,Water Not Classified For Drinking Supply,1953735.39788818,6568.85633039587
169,CT6202-00-1-L1_01,177.88,01100005,2012,"Wangum, Lake (Canaan)",Canaan,Fully Supporting,Not Assessed,Fully Supporting,Not Assessed,7748519.16705322,16120.0697969403
170,CT6900-40-1-L1_01,68.82,01100005,2012,Beaver Lake (Seymour),Seymour,Fully Supporting,Fully Supporting,Fully Supporting,Not Assessed,2997892.38696289,15201.147147824
171,CT6301-08-1-L1_01,195.81,01100005,2012,Indian Lake (Sharon/NY State Line),Sharon,Fully Supporting,Fully Supporting,Fully Supporting,Water Not Classified For Drinking Supply,8529639.60290527,16881.4792504679
172,CT6900-42-1-L1_01,29.93,01100005,2012,Upper Derby Hill Reservoir (Derby),Derby,Fully Supporting,Not Assessed,Fully Supporting,Water Not Classified For Drinking Supply,1303590.55126953,6386.92334096231
173,CT6015-00-1-L1_01,27.33,01100005,2012,Peck Pond (Sharon),Sharon,Fully Supporting,Not Assessed,Fully Supporting,Water Not Classified For Drinking Supply,1190269.84039307,6446.3212254686
174,CT4300-00-1+L2_01,201.82,01080207,2012,West Branch Reservoir (Colebrook/Hartland),Colebrook,Fully Supporting,Fully Supporting,Fully Supporting,Not Assessed,8791317.00848389,18594.3807124632
175,CT2107-00-1-L6_01,194.68,01100003,2012,Groton (Poquonnock) Reservoir (Groton),Groton,Fully Supporting,Not Assessed,Fully Supporting,Not Assessed,8480114.37084961,37619.5972183407
176,CT3902-00-1-L1_01,250.3,01100003,2012,Williams Pond (Lebanon),Lebanon,Fully Supporting,Not Assessed,Fully Supporting,Water Not Classified For Drinking Supply,10902838.8339233,34166.6678537983
177,CT2203-00-1-L2_01,288.66,01100003,2012,"Konomoc, Lake (Waterford/Montville)",Waterford,Fully Supporting,Fully Supporting,Fully Supporting,Not Assessed,12574084.7548218,37148.7687208462
178,CT3900-11-1-L1_01,91.15,01100003,2012,Bog Meadow Reservoir (Norwich),Norwich,Fully Supporting,Fully Supporting,Fully Supporting,Not Assessed,3970596.34436035,19035.8026610003
179,CT4200-00-4-L2_01,40.9,01080205,2012,Somersville Pond (Somers),Near eastern border of Somers with Enfield; pond is south of intersection of Rte 190 and Rte 186. ,Fully Supporting,Not Assessed,Fully Supporting,"Potential Supply, Not Assessed For Drinking Water",1784766.78594971,23848.8380141798
180,CT6005-04-1-L2_01,123,01100005,2012,South Pond (Salisbury),"Northwest corner of Salisbury, at the end of Mt. Riga Road. Downstream of Riga Lake, on private property managed by Mt. Riga, Inc.",Fully Supporting,Not Assessed,Fully Supporting,Water Not Classified For Drinking Supply,5357373.98907471,20511.7335996065
181,CT4017-04-1-L1_01,75.9,01080205,2012,Turkey Hill Reservoir (Haddam/Chester),"Straddles southern border of Haddam with Chester.  Located within Cockaponset State Forest, bounded by Cedar Lake Road and Filley Road.",Fully Supporting,Fully Supporting,Fully Supporting,Not Assessed,3309720.42907715,13036.8191365546
182,CT3106-06-1-L2_01,2.63,01100002,2012,Crandall Pond (Cider Mill Pond) (Tolland),"Cider Mill Road, Tolland (just north of I84, in Crandall Park)
formerly CT3106-00-2-L2_01 (wrong waterbody)
",Not Assessed,Not Supporting,Fully Supporting,Water Not Classified For Drinking Supply,114672.52923584,1335.89294512298
